{
"edge_index": [[0,0,0,0,1,1,1,1,2,2,2,2,3,3,3,3,4,4,4,4],[1,2,3,4,0,2,3,4,0,1,3,4,0,1,2,4,0,1,2,3]],
"pos": [[ 0.0000000, 0.0000000, 0.0000000],[-1.6818202,-1.1892272, 0.0000000],[ 0.0000000, 1.1892272,-1.6818202],[ 0.0000000, 1.1892272, 1.6818202],[ 1.6818202,-1.1892272, 0.0000000]],
"cell_shift": [[0,0,0],[0,0,0],[0,0,0],[0,0,0],[0,0,0],[0,0,0],[0,0,0],[0,0,0],[0,0,0],[0,0,0],[0,0,0],[0,0,0],[0,0,0],[0,0,0],[0,0,0],[0,0,0],[0,0,0],[0,0,0],[0,0,0],[0,0,0]],
"inv_edge_idx": [4,8,12,16,0,9,13,17,1,5,14,18,2,6,10,19,3,7,11,15],
"nbr_shift": [[ 0.0000000, 0.0000000, 0.0000000],[ 0.0000000, 0.0000000, 0.0000000],[ 0.0000000, 0.0000000, 0.0000000],[ 0.0000000, 0.0000000, 0.0000000],[ 0.0000000, 0.0000000, 0.0000000],[ 0.0000000, 0.0000000, 0.0000000],[ 0.0000000, 0.0000000, 0.0000000],[ 0.0000000, 0.0000000, 0.0000000],[ 0.0000000, 0.0000000, 0.0000000],[ 0.0000000, 0.0000000, 0.0000000],[ 0.0000000, 0.0000000, 0.0000000],[ 0.0000000, 0.0000000, 0.0000000],[ 0.0000000, 0.0000000, 0.0000000],[ 0.0000000, 0.0000000, 0.0000000],[ 0.0000000, 0.0000000, 0.0000000],[ 0.0000000, 0.0000000, 0.0000000],[ 0.0000000, 0.0000000, 0.0000000],[ 0.0000000, 0.0000000, 0.0000000],[ 0.0000000, 0.0000000, 0.0000000],[ 0.0000000, 0.0000000, 0.0000000]],
"Hon": [[[ -0.0555810597, -0.0000000000, -0.0000000000,  0.0000000000,  0.0000000000,  0.2471522969,  0.0000000000, -0.0000000000, -0.0000000000,  0.0000000000,  0.2471521675, -0.0000000000,  0.0000000000, -0.0000000000, -0.0000000000,  0.2471522969],[  0.0301531807],[  0.0301531807],[  0.0301531807],[  0.0301531807]]],
"Hoff": [[[ -0.1260061656,  0.0301406903,  0.0213127050,  0.0000000000],[ -0.1260061655,  0.0000000000, -0.0213127051,  0.0301406903],[ -0.1260061655,  0.0000000000, -0.0213127051, -0.0301406903],[ -0.1260061656, -0.0301406903,  0.0213127050,  0.0000000000],[ -0.1260061656,  0.0301406903,  0.0213127050, -0.0000000000],[ -0.0813601237],[ -0.0813601237],[ -0.0813601594],[ -0.1260061655,  0.0000000000, -0.0213127051,  0.0301406903],[ -0.0813601237],[ -0.0813601596],[ -0.0813601237],[ -0.1260061655,  0.0000000000, -0.0213127051, -0.0301406903],[ -0.0813601237],[ -0.0813601596],[ -0.0813601237],[ -0.1260061656, -0.0301406903,  0.0213127050, -0.0000000000],[ -0.0813601594],[ -0.0813601237],[ -0.0813601237]]],
"Son": [[  0.9999997362, -0.0000000000,  0.0000000000, -0.0000000000,  0.0000000000,  0.9999992159,  0.0000000000,  0.0000000000, -0.0000000000, -0.0000000000,  0.9999992159,  0.0000000000, -0.0000000000, -0.0000000000, -0.0000000000,  0.9999992159],[  0.9999999490],[  0.9999999490],[  0.9999999490],[  0.9999999490]],
"Soff": [[  0.5722980889, -0.4226554200, -0.2988627034, -0.0000000000],[  0.5722980889,  0.0000000000,  0.2988627034, -0.4226554200],[  0.5722980889,  0.0000000000,  0.2988627034,  0.4226554200],[  0.5722980889,  0.4226554200, -0.2988627034,  0.0000000000],[  0.5722980889, -0.4226554200, -0.2988627034,  0.0000000000],[  0.2433239364],[  0.2433239364],[  0.2433241297],[  0.5722980889,  0.0000000000,  0.2988627034, -0.4226554200],[  0.2433239364],[  0.2433241297],[  0.2433239364],[  0.5722980889,  0.0000000000,  0.2988627034,  0.4226554200],[  0.2433239364],[  0.2433241297],[  0.2433239364],[  0.5722980889,  0.4226554200, -0.2988627034,  0.0000000000],[  0.2433241297],[  0.2433239364],[  0.2433239364]],
"Lon": [[[ 0.0000000, 0.0000000, 0.0000000],[ 0.0000000, 0.0000000, 0.0000000],[ 0.0000000, 0.0000000, 0.0000000],[ 0.0000000, 0.0000000,57467708440976820163009701089131747323397964422143818147477254369578062054704480143115672959509499583695859045779333532424052192201506008897443681489085284869865614606336.0000000],[90836632729912338203090857588026323670545176417737652851082070286722353850783625230979051413201968481018843482404548791079837059023084980426473021470093580359402084729201037853831953356620135684556798487124192603254300868608.0000000, 0.0000000, 0.0000000],[ 0.0000000,6520165976635723225529204384480718438511448556200196969507480650868005748602994896749606964199476024293749921229517372011975288003741680836775494785630277133583532381597506165844349981307180067839297411649906956567008861839096240066516427720913181474816.0000000, 0.0000000],[2781094722235107264410719048328934783809114874431642314033677524841615081862038905227726984082815966085702550088727430088329091491351296896515073108968812363743640408466814027169792.0000000, 0.0000000,59801203833638827614602575388264461517775714458869014963860828404024208672050194923037771293202029774255949988500594814214648470435792321376455861168986702298019289307522673998578214420934134071296000.0000000],[ 0.0000000, 0.0000000, 0.0000000],[ 0.0000000, 0.0000000, 0.0000000],[ 0.0000000, 0.0000000, 0.0000000],[ 0.0000000, 0.0000000, 0.0000000],[ 0.0000000, 0.0000000, 0.0000000],[ 0.0000000, 0.0000000, 0.0000000],[ 0.3324919,-0.0000000, 0.0018621],[ 0.0000000,221020142962330971928132855479087970457335006413153957659385744326656.0000000, 0.0000000],[ 0.0000000, 0.0000000, 0.0000000]],[[ 0.0000000, 0.0000000, 0.0000000]],[[ 0.0000000, 0.0000000, 0.0000000]],[[ 0.0000000, 0.0000000, 0.0000000]],[[-0.0000000, 0.0018621, 0.0000000]]],